fecha;vol_corregido;vol_dia;flujo_corregido;presion;temperatura
2025-02-10 17:13:07.957;0;0;0;0;0
2025-02-10 17:19:48.690;0;0;0;0;0
2025-02-10 17:23:47.830;0;0;0;0;0
2025-02-10 17:25:19.907;0;0;0;0;0
2025-02-10 17:27:11.693;164179;16072;1178,9;8,3;15,4
2025-02-10 17:30:02.277;164237;16130;1191;8,4;15,4
2025-02-10 17:32:21.200;164280;16173;1197,8;8,4;15,4
2025-02-10 17:36:49.673;164366;16273;1183,1;8,3;15,4
2025-02-10 17:37:36.557;164380;16273;1193,7;8,3;15,4
2025-02-10 17:38:52.997;164409;16302;1202,1;8,4;15,4
2025-02-10 18:00:02.470;164840;16733;1186,1;8,3;15,5
2025-02-10 18:30:01.950;165429;17322;1155,7;8,3;15,5
2025-02-10 19:30:02.133;166622;18515;1178,5;8,3;15,2
2025-02-10 20:00:01.453;167226;19119;1106,9;8,5;15,1
2025-02-10 20:30:01.667;167803;19696;1214,5;8,4;14,8
2025-02-10 21:00:02.347;168409;20288;1216,3;8,3;14,6
2025-02-10 21:30:11.093;169142;21035;1558,6;8,3;14,4
2025-02-10 23:30:02.357;172088;23981;1542,9;8,3;14,2
2025-02-11 00:00:02.700;172865;24758;1556,6;8,3;14,2
2025-02-11 00:30:02.230;173655;25548;1481,5;8,2;14,3
2025-02-11 02:30:02.313;176936;28829;1676;8,3;15,4
2025-02-11 05:30:02.497;181859;818;1650,8;8,4;15,4
2025-02-11 06:00:02.527;182678;1637;1674,1;8,4;15,3
2025-02-11 06:30:02.347;183496;2455;1639,1;8,3;15,3
2025-02-11 07:00:02.560;184315;3274;1586,2;8,4;15,3
2025-02-11 09:30:02.513;188478;7437;1708;8,4;15,6
2025-02-11 10:30:02.767;190196;9155;1775;8,3;15,8
2025-02-11 11:00:02.493;191082;10041;1718,2;8,3;15,9
2025-02-11 11:30:02.017;191969;10928;1737,7;8,3;16
2025-02-11 12:00:02.053;192827;11786;1748,5;8,3;15,7
2025-02-11 12:30:01.340;193673;12632;1670,9;8,4;14,9
2025-02-11 14:30:01.367;196808;15767;1505,6;8,3;14,5
2025-02-11 15:00:01.583;197598;16557;1593,3;8,3;14,4
2025-02-11 16:30:01.333;199898;18857;1581,9;8,3;15
2025-02-11 17:00:01.630;200700;19659;1596,5;8,3;15,2
2025-02-11 18:30:01.613;203118;22077;1593,2;8,3;15,1
2025-02-11 19:00:01.913;203920;22879;1587,5;8,4;15
2025-02-11 20:30:02.640;206233;25192;1567,2;8,3;14,5
2025-02-11 21:30:01.660;207800;26759;1590;8,3;14,3
2025-02-11 23:00:01.313;210159;29118;1602,8;8,3;14,2
2025-02-11 23:30:01.493;210950;29923;1636,4;8,3;14,2
2025-02-12 00:00:01.687;211770;30715;1582,3;8,4;14,2
2025-02-12 00:30:01.893;212548;31507;1576,7;8,4;14,2
2025-02-12 03:30:01.897;217173;36132;1480,6;8,4;13,7
2025-02-12 05:00:01.823;219450;38409;1459,4;8,5;13,5
2025-02-12 06:30:01.697;221686;2222;1452,3;8,4;13,5
2025-02-12 07:00:01.950;222412;2962;1457,5;8,5;13,5
2025-02-12 08:00:01.253;223893;4443;1488;8,5;13,6
2025-02-12 08:30:01.490;224633;5183;1469,6;8,5;13,6
2025-02-12 09:30:01.770;226099;6649;1470,3;8,4;13,6
2025-02-12 10:30:02.037;227551;8116;1412,3;8,5;13,6
2025-02-12 11:00:02.263;228263;8813;1388;8,5;13,6
2025-02-12 11:30:01.453;228961;9511;1422,5;8,5;13,6
2025-02-12 12:30:01.703;230342;10892;1452,2;8,5;13,8
2025-02-12 13:00:01.920;231052;11602;1386,8;8,5;13,8
2025-02-12 13:30:02.193;231748;12298;1351,1;8,5;14
2025-02-12 15:00:02.697;233778;14313;1379,3;8,4;14,1
2025-02-12 15:30:02.593;234457;15007;1431,3;8,4;14,6
2025-02-12 17:00:02.057;236705;17255;1549,4;8,3;16,2
2025-02-12 19:30:02.160;240874;21424;1566,1;8,4;15,7
2025-02-12 20:30:01.583;242493;23043;1607;8,4;15,6
2025-02-12 21:00:02.083;243322;23858;1697,9;8,2;15,6
2025-02-12 22:00:02.570;244996;25546;1648;8,3;15,5
2025-02-12 22:30:02.440;245813;26363;1674,4;8,3;15,4
2025-02-12 23:00:02.413;246644;27194;1676,6;8,3;15,4
2025-02-13 00:00:01.953;248335;28885;1667,9;8,3;15,6
2025-02-13 00:30:02.060;249180;29730;1696,3;8,3;15,6
2025-02-13 01:00:02.350;250052;30602;1720,2;8,3;15,6
2025-02-13 01:30:02.557;250925;31475;1729,3;8,4;15,4
2025-02-13 03:30:02.530;254274;34824;1583,4;8,4;15,1
2025-02-13 04:00:02.150;255094;35644;1696,8;8,4;15,1
2025-02-13 04:30:02.220;255929;36479;1625,2;8,5;15,1
2025-02-13 05:30:02.523;257585;834;1640;8,5;15,1
2025-02-13 08:00:02.550;261610;4859;1570,1;8,4;15,1
2025-02-13 11:00:01.740;265185;8434;1048,8;8,6;15,1
2025-02-13 12:00:01.817;266232;9481;1030,7;8,6;15,2
2025-02-13 13:00:01.637;267221;10470;919,2;8,7;15,3
2025-02-13 13:30:01.533;267672;10921;916,2;8,6;15,4
2025-02-13 14:00:02.140;268206;11455;1115,8;8,5;15,4
2025-02-13 14:30:02.700;268741;11990;1060,8;8,5;15,4
2025-02-13 15:30:02.450;269809;13058;1051,1;8,4;15,8
2025-02-13 16:00:02.190;270342;13591;1043,2;8,5;15,7
2025-02-13 16:30:02.623;270860;14109;1025,4;8,5;15,7
2025-02-13 17:30:02.553;271925;15174;1171,8;8,4;15,6
2025-02-13 21:00:01.380;276289;19538;1240,4;8,4;15,4
2025-02-13 21:30:01.770;276920;20169;1278,7;8,3;15,3
2025-02-14 00:00:01.787;280140;23389;1302,9;8,4;15,3
2025-02-14 00:30:02.220;280775;24009;1305;8,4;15,1
2025-02-14 01:30:05.647;282044;25293;1292,9;8,5;15,2
2025-02-14 02:00:02.043;282693;25942;1348,6;8,4;15,1
2025-02-14 03:00:01.927;284021;27270;1305;8,5;15,1
2025-02-14 03:30:01.333;284671;27920;1282,9;8,5;15,2
2025-02-14 04:00:01.770;285335;28584;1310,3;8,5;15,1
2025-02-14 04:30:02.177;285971;29235;1311;8,5;15,1
2025-02-14 05:00:01.647;286636;29885;1286,5;8,5;15,1
2025-02-14 06:00:01.453;287922;1286;1265,9;8,5;15
2025-02-14 06:30:01.907;288587;1951;1323,6;8,5;14,9
2025-02-14 07:30:01.673;289861;3211;1234,2;8,5;14,8
2025-02-14 08:30:01.450;291108;4472;1236,7;8,5;14,7
2025-02-14 09:00:01.800;291731;5095;1241,4;8,5;14,7
2025-02-14 10:00:01.663;292991;6355;1193,6;8,6;14,8
2025-02-14 10:30:02.050;293613;6977;1277,7;8,5;14,8
2025-02-14 11:00:01.430;294277;7641;1333,6;8,5;14,8
2025-02-14 12:30:01.617;296215;9579;1310,9;8,4;14,7
2025-02-14 14:00:01.970;298179;11543;1234,1;8,4;14,7
2025-02-14 15:00:01.983;299464;12828;1356;8,5;14,8
2025-02-14 15:30:01.583;300141;13505;1319;8,4;14,9
2025-02-14 16:00:01.893;300804;14168;1314,5;8,4;15,1
2025-02-14 18:00:01.900;303355;16719;1273,3;8,4;15,5
2025-02-14 20:00:01.710;305867;19231;1248;8,3;15,4
2025-02-14 22:00:01.317;308546;21910;1402,9;8,4;16,2
2025-02-14 23:00:02.117;309935;23299;1426,4;8,5;16
2025-02-15 02:30:01.787;315825;29189;1809,1;8,3;16,1
2025-02-15 04:00:01.937;318338;31702;1699,4;8,5;16
2025-02-15 04:30:01.317;319185;32549;1692,3;8,4;15,9
2025-02-15 09:30:01.773;327924;7892;1778,1;8,4;15,7
2025-02-15 11:30:02.747;331496;11478;1847,7;8,4;15,8
2025-02-15 12:00:01.510;332414;12382;1819,9;8,3;15,8
2025-02-15 12:30:02.000;333318;13286;1797,9;8,3;15,8
2025-02-15 13:30:01.807;335083;15051;1742,7;8,3;16
2025-02-15 14:00:02.237;335971;15939;1802,5;8,4;16,1
2025-02-15 15:30:01.623;338654;18622;1777,3;8,3;16,6
2025-02-15 16:00:01.980;339550;19518;1798,7;8,3;16,8
2025-02-15 17:30:01.327;342094;22062;1738,2;8,3;17
2025-02-15 18:00:01.917;342960;22928;1776,8;8,3;17
2025-02-15 19:00:01.750;344718;24686;1735,4;8,3;17
2025-02-15 19:30:02.167;345585;25553;1725,1;8,3;16,9
2025-02-16 00:00:01.560;353341;33309;1707,1;8,4;16,3
2025-02-16 01:00:01.330;355059;35027;1730,8;8,4;16,2
2025-02-16 02:00:02.120;356777;36745;1708,6;8,4;16,2
2025-02-16 02:30:01.517;357651;37619;1763,6;8,4;16,1
2025-02-16 03:30:01.400;359359;39327;1704,8;8,4;16
2025-02-16 05:30:02.080;362722;807;1489;8,5;15,2
2025-02-16 06:30:01.760;364353;2438;1659,3;8,4;15,1
2025-02-16 07:00:02.210;365188;3273;1646,4;8,4;15,1
2025-02-16 09:00:01.947;368463;6548;1619,4;8,5;15,1
2025-02-16 09:30:01.303;369313;7398;1682,2;8,4;15,1
2025-02-16 10:30:02.143;370677;8762;1345,2;8,6;15
2025-02-16 11:30:01.887;371998;10083;1321,9;8,5;15
2025-02-16 12:00:01.600;372680;10765;1372,2;8,4;15
2025-02-16 12:30:01.947;373319;11404;1328,3;8,5;15
2025-02-16 14:30:01.933;375926;14011;1307,5;8,6;15,2
2025-02-16 15:30:05.010;377227;15312;1287,6;8,5;15,1
2025-02-16 16:00:01.423;377849;15934;1238,6;8,5;15,2
2025-02-16 16:30:01.790;378454;16539;1225,2;8,5;15,3
2025-02-16 20:00:01.477;382810;20880;1210,6;8,5;15,2
2025-02-16 21:00:02.050;384008;22093;1190,4;8,5;15,1
2025-02-16 22:00:01.800;385250;23335;1260,6;8,5;15
2025-02-16 22:30:03.640;385886;23985;1275,1;8,5;15
2025-02-17 11:30:31.817;401621;7946;1345,7;8,5;14,2
2025-02-17 12:00:32.403;402287;8598;1300,2;8,5;14,2
2025-02-10 17:36:25.240;164366;16259;1183,1;8,4;15,4
2025-02-10 19:00:01.750;166032;17925;1176;8,3;15,3
2025-02-10 19:19:25.240;0;0;0;0;0
2025-02-10 19:21:53.207;0;0;0;0;0
2025-02-10 19:26:12.843;0;0;0;0;0
2025-02-10 19:27:07.450;0;0;0;0;0
2025-02-10 19:27:36.280;0;0;0;0;0
2025-02-10 19:52:11.127;0;0;0;0;0
2025-02-10 23:00:02.477;171270;23163;1481,6;8;14,5
2025-02-11 02:00:02.217;176105;27998;1708;8,3;15,4
2025-02-11 03:00:02.460;177781;29674;1720,6;8,4;15,4
2025-02-11 04:00:02.310;179418;31311;1612,9;8,4;15,3
2025-02-11 04:30:02.487;180209;32102;1609,6;8,3;15,3
2025-02-11 05:00:02.257;181027;32920;1643,3;8,3;15,3
2025-02-11 08:00:02.667;185953;4912;1661,5;8,4;15,4
2025-02-11 08:30:02.513;186813;5772;1674,6;8,3;15,4
2025-02-11 09:00:02.553;187618;6577;1709,9;8,4;15,7
2025-02-11 10:00:02.923;189337;8296;1702,4;8,3;15,7
2025-02-11 13:00:01.583;194492;13451;1621,6;8,4;14,7
2025-02-11 15:30:01.857;198374;17333;1552,3;8,2;14,4
2025-02-12 07:30:02.137;223153;3703;1498,5;8,4;13,5
2025-02-13 06:30:01.827;259215;2464;1676,5;8,4;15,1
2025-02-13 20:00:02.193;275057;18292;1277,8;8,3;15,7
2025-02-14 09:30:01.280;292353;5717;1345,3;8,4;14,7
2025-02-14 18:30:01.377;303987;17351;1256,7;8,3;15,7
2025-02-15 01:00:01.690;313193;26557;1698,6;8,4;16,2
2025-02-15 02:00:01.447;314951;28315;1845,1;8,3;16,2
2025-02-15 06:30:02.137;322642;2610;1750,5;8,5;15,9
2025-02-15 07:00:01.557;323517;3485;1768,4;8,4;15,9
2025-02-15 07:30:02.093;324392;4360;1796,2;8,4;15,8
2025-02-15 08:00:01.540;325281;5249;1801,8;8,4;15,8
2025-02-15 22:30:02.283;350793;30761;1714,9;8,4;16,5
2025-02-16 03:00:01.960;358511;38479;1706,6;8,4;16,1
2025-02-16 07:30:01.607;366010;4095;1660,3;8,5;15,1
2025-02-16 21:30:01.453;384615;22700;1232;8,4;15,1
2025-02-17 12:59:58.650;403560;9871;1299,5;8,4;14,4
2025-02-17 14:30:02.133;405509;11820;1292,3;8,5;14,6
2025-02-17 15:00:01.897;406157;12468;1281,6;8,5;14,7
2025-02-17 15:30:01.730;406805;13116;1289,1;8,4;15
2025-02-17 16:30:01.280;408040;14351;1268,2;8,4;15,3
2025-02-17 17:00:02.103;408684;14995;1286,7;8,3;15,4
2025-02-17 18:30:01.313;410531;16842;1219,4;8,4;15,2
2025-02-17 19:00:01.500;411148;17459;1238,5;8,4;14,8
2025-02-17 20:00:01.903;412382;18693;1226,3;8,3;15,1
2025-02-17 20:30:02.080;412986;19297;1315,8;8,4;14,9
2025-02-17 22:00:01.810;414844;21155;1192,5;8,4;14,4
2025-02-17 22:30:02.467;415436;21747;1212,2;8,4;14,4
2025-02-17 23:00:01.633;416028;22339;1164;8,4;14,4
2025-02-17 23:30:01.810;416747;23058;1610,8;8,3;14,4
2025-02-18 00:00:02.007;417552;23863;1600;8,3;14,5
2025-02-18 01:30:01.640;419982;26293;1617,3;8,5;14,6
2025-02-18 02:00:01.810;420788;27099;1626;8,4;14,6
2025-02-18 03:30:01.383;423239;29550;1617,1;8,5;14,7
2025-02-18 04:00:01.570;424061;30372;1622,4;8,3;14,7
2025-02-18 05:00:01.880;425718;32044;1682,4;8,5;15,1
2025-02-18 05:30:02.010;426581;848;1709,6;8,4;15,2
2025-02-18 07:00:01.613;429143;3410;1691,5;8,3;15,3
2025-02-18 07:30:01.733;430006;4287;1663,6;8,5;15,4
2025-02-18 08:00:01.927;430855;5122;1742,5;8,3;15,4
2025-02-18 08:30:02.130;431746;6013;1802,1;8,4;15,5
2025-02-18 09:30:01.473;433513;7780;1804,9;8,4;15,7
2025-02-18 10:00:01.660;434389;8656;1709,7;8,5;15,7
2025-02-18 11:00:02.133;436195;10462;1824,9;8,5;15,9
2025-02-18 12:00:01.597;437961;12242;1787,3;8,4;15,9
2025-02-18 14:30:02.623;442416;16683;1767;8,3;16,2
2025-02-18 15:30:02.687;444229;18496;1841,2;8,3;16,5
2025-02-18 16:00:02.673;445126;19393;1803,7;8,2;16,7
2025-02-18 18:00:02.110;448591;22858;1699,7;8,4;16,1
2025-02-18 18:30:02.160;449449;23716;1713;8,3;16,5
2025-02-18 19:30:02.880;451152;25419;1753,6;8,2;15,6
2025-02-18 21:00:02.477;453715;27982;1699,7;8,3;15,6
2025-02-18 23:00:02.133;457171;31438;1739,9;8,4;15,3
2025-02-18 23:30:02.513;458019;32286;1671,1;8,5;15,3
2025-02-19 00:30:02.380;459672;33939;1700,5;8,3;15,5
2025-02-19 01:30:02.060;461365;35632;1696,9;8,4;15,4
2025-02-19 02:00:02.547;462213;36480;1716,3;8,6;15,3
2025-02-19 02:30:02.760;463061;37328;1687,6;8,4;15,3
2025-02-19 04:30:02.357;466404;40671;1672,9;8,4;15,2
2025-02-19 05:00:02.827;467253;41520;1688,9;8,4;15,3
2025-02-19 05:30:02.150;468101;834;1683,6;8,4;15,3
2025-02-19 08:00:02.207;472481;5214;1764,8;8,4;15,8
2025-02-19 08:30:02.660;473370;6103;1796,6;8,4;15,9
2025-02-19 09:30:02.737;475137;7870;1756,8;8,4;15,8
2025-02-19 10:00:02.133;476025;8758;1799,6;8,4;15,9
2025-02-19 11:00:01.993;477803;10536;1813,2;8,3;15,9
2025-02-19 12:00:02.107;479607;12340;1793,2;8,4;16
2025-02-19 13:00:03.730;481395;14128;1809,4;8,3;16,2
2025-02-19 14:30:02.093;484127;16860;1809,9;8,4;16,3
2025-02-19 15:00:01.600;485015;17748;1770,7;8,3;16,4
2025-02-19 15:30:02.050;485901;18649;1802,4;8,3;16,3
2025-02-19 16:00:02.787;486815;19548;1862,3;8,3;16,5
2025-02-19 16:30:02.097;487741;20474;1853,6;8,3;16,5
2025-02-19 17:00:01.440;488641;21374;1751,9;8,3;16,2
2025-02-19 21:30:02.470;496465;29198;1800,2;8,4;16,4
2025-02-19 22:00:01.907;497308;30041;1676,2;8,3;16,3
2025-02-20 00:00:02.637;500779;33527;1786,4;8,3;16,3
2025-02-20 01:30:02.137;503463;36196;1724,6;8,4;16,4
2025-02-20 05:30:02.150;509399;679;1380;8,5;15,9
2025-02-20 06:00:07.410;510093;1373;1420,1;8,5;15,9
2025-02-20 08:30:02.323;513564;4844;1332,1;8,5;15,8
2025-02-20 09:00:02.887;514243;5523;1377,5;8,5;15,7
2025-02-20 09:30:02.500;514938;6218;1364;8,6;15,7
2025-02-20 10:00:02.320;515618;6898;1365,9;8,5;15,7
2025-02-20 10:30:02.097;516311;7591;1393,8;8,6;15,8
2025-02-20 12:30:02.770;519166;10446;1411,6;8,5;16
2025-02-20 14:00:01.963;521283;12563;1387,8;8,5;16,3
2025-02-20 15:30:02.220;523356;14636;1323,2;8,5;16,5
2025-02-20 16:00:02.630;523990;15270;1202,9;8,5;16,7
2025-02-20 17:00:02.723;525298;16578;1302,1;8,5;16,7
2025-02-20 18:00:02.810;526643;17923;1361,3;8,4;16,9
2025-02-20 20:30:02.060;529885;21165;1290,7;8,4;16
2025-02-20 22:30:02.130;532481;23761;1303;8,4;15,8
2025-02-20 23:30:02.190;533777;25057;1285,1;8,4;15,3
2025-02-21 00:00:02.590;534426;25706;1303,1;8,5;15,4
2025-02-21 01:30:02.547;536346;27626;1267,2;8,5;15,3
2025-02-21 02:00:02.837;536983;28263;1244,4;8,6;15,3
2025-02-21 03:00:02.003;538283;29563;1342,2;8,6;15,6
2025-02-21 03:30:02.583;538947;30227;1327,4;8,5;15,6
2025-02-21 04:00:02.097;539599;30879;1292,9;8,5;15
2025-02-21 14:00:02.713;553632;12743;1743,3;8,4;15,6
2025-02-21 14:00:09.883;553632;12743;1743,3;8,4;15,6
2025-02-21 14:00:12.390;553632;12743;1743,3;8,4;15,6
2025-02-21 14:00:14.450;553632;12743;1743,3;8,4;15,6
2025-02-21 14:00:16.393;553632;12743;1743,3;8,4;15,6
2025-02-21 14:00:18.950;553632;12743;1743,3;8,4;15,6
2025-02-21 14:00:21.033;553646;12757;1736;8,4;15,6
2025-02-21 14:00:22.987;553646;12757;1736;8,4;15,6
2025-02-21 14:00:27.230;553646;12757;1736;8,4;15,6
2025-02-21 14:00:29.193;553646;12757;1736;8,4;15,6
2025-02-21 14:00:31.380;553646;12757;1736;8,4;15,6
2025-02-21 14:00:33.483;553646;12757;1736;8,4;15,6
2025-02-21 14:00:35.457;553646;12757;1736;8,4;15,6
2025-02-21 14:00:37.533;553646;12757;1736;8,4;15,6
2025-02-21 14:00:39.950;553646;12757;1736;8,4;15,6
2025-02-21 14:00:42.017;553646;12757;1736;8,4;15,6
2025-02-21 14:00:43.987;553646;12757;1736;8,4;15,6
2025-02-21 14:32:19.830;554577;13688;1785,2;8,3;16,2
2025-02-21 15:30:02.180;556292;15388;1720,8;8,4;16,4
2025-02-21 16:00:01.920;557176;16287;1755,2;8,3;16,7
2025-02-21 18:00:01.850;560632;19743;1816,2;8,3;17
2025-02-21 18:30:02.287;561512;20623;1744,3;8,3;17
2025-02-21 19:00:02.277;562377;21502;1758,2;8,2;17,1
2025-02-21 19:30:01.783;563272;22383;1814,8;8,3;16,9
2025-02-23 12:30:41.633;0;0;0;0;0
2025-02-23 12:59:56.047;0;0;0;0;0
2025-02-23 13:30:01.393;0;0;0;0;0
2025-02-23 14:30:02.043;0;0;0;0;0
2025-02-23 15:00:01.413;0;0;0;0;0
2025-02-23 16:30:01.377;0;0;0;0;0
2025-02-23 17:00:01.747;0;0;0;0;0
2025-02-23 18:30:01.973;0;0;0;0;0
2025-02-10 22:00:01.843;169945;21838;1646,2;8,3;14,3
2025-02-10 22:30:02.617;170751;22644;1560,2;8,3;14,3
2025-02-11 01:00:02.123;174445;26338;1469,1;8,4;14,9
2025-02-11 01:30:02.280;175275;27168;1637,7;8,4;15,4
2025-02-11 03:30:02.127;178613;30506;1671,5;8,4;15,4
2025-02-11 07:30:02.817;185121;4080;1629,9;8,4;15,4
2025-02-12 01:00:02.200;213326;32285;1572,3;8,3;14,1
2025-02-13 05:00:02.473;256736;37286;1663,8;8,4;15,1
2025-02-13 06:00:02.610;258393;1642;1641,3;8,5;15,1
2025-02-13 07:00:02.017;260009;3258;1589,6;8,4;15,1
2025-02-13 09:00:03.000;262931;6180;1240,5;8,6;15
2025-02-13 09:30:02.213;263541;6790;1176,3;8,7;15
2025-02-13 10:00:02.517;264109;7358;1183,5;8,5;15
2025-02-13 10:30:02.097;264662;7911;1077,6;8,6;15
2025-02-13 18:30:02.483;273171;16434;1248,9;8,3;15,9
2025-02-14 02:30:01.507;283370;26619;1318,2;8,5;15,1
2025-02-14 11:30:01.843;294942;8306;1279,4;8,5;14,8
2025-02-14 13:00:02.003;296865;10229;1323,7;8,4;14,7
2025-02-14 16:30:02.943;301454;14818;1230,5;8,5;15,1
2025-02-14 22:30:01.723;309233;22597;1402,4;8,4;16,1
2025-02-14 23:30:01.530;310624;24002;1406;8,4;16
2025-02-15 01:30:02.083;314079;27443;1747,5;8,4;16,2
2025-02-15 21:30:01.370;349053;29021;1720,2;8,3;16,8
2025-02-15 23:00:01.683;351651;31619;1700,6;8,4;16,4
2025-02-15 23:30:02.147;352496;32464;1687,4;8,4;16,3
2025-02-16 00:30:01.957;354199;34167;1714,9;8,4;16,3
2025-02-16 01:30:01.750;355918;35886;1726,9;8,4;16,2
2025-02-16 23:00:02.027;386522;24607;1277,1;8,5;15,1
2025-02-16 23:30:02.507;387158;25243;1276,7;8,3;15,2
2025-02-17 00:30:01.283;388403;26488;1211,7;8,6;14,1
2025-02-18 13:30:01.953;440640;14907;1794,8;8,3;16,1
2025-02-18 17:00:01.897;446893;21160;1789,1;8,3;16,5
2025-02-19 09:00:02.313;474261;6994;1760,3;8,4;15,8
2025-02-19 17:30:01.847;489526;22259;1747,8;8,3;16,3
2025-02-20 13:00:02.473;519872;11152;1394,8;8,5;16,1
2025-02-20 19:00:02.117;527989;19269;1304,7;8,4;15,7
2025-02-20 22:00:02.720;531820;23100;1323,6;8,4;16
2025-02-20 23:00:02.617;533128;24408;1302,5;8,5;15,4
2025-02-21 17:00:01.947;558897;18008;1711,3;8,3;16,8
2025-02-23 19:00:01.450;0;0;0;0;0
2025-02-23 20:00:01.227;0;0;0;0;0
2025-02-23 21:00:01.910;0;0;0;0;0
2025-02-23 21:30:01.293;0;0;0;0;0
2025-02-23 22:00:01.730;0;0;0;0;0
2025-02-23 23:00:01.513;0;0;0;0;0
2025-02-24 00:00:01.217;0;0;0;0;0
2025-02-24 01:30:01.227;0;0;0;0;0
2025-02-24 02:30:01.947;0;0;0;0;0
2025-02-24 03:00:01.270;0;0;0;0;0
2025-02-24 04:00:01.950;0;0;0;0;0
2025-02-24 05:00:01.690;0;0;0;0;0
2025-02-24 06:00:01.520;0;0;0;0;0
2025-02-24 07:00:01.197;0;0;0;0;0
2025-02-24 08:00:01.930;0;0;0;0;0
2025-02-24 09:00:01.610;0;0;0;0;0
2025-02-24 09:30:01.957;0;0;0;0;0
2025-02-24 10:00:01.240;0;0;0;0;0
2025-02-24 10:30:01.600;0;0;0;0;0
2025-02-24 11:00:01.933;0;0;0;0;0
2025-02-24 11:30:01.217;656046;7688;1139,4;8,5;13,5
2025-02-24 13:00:01.520;657849;9491;1176,8;8,5;13,7
2025-02-24 16:30:01.700;662731;14373;1612,4;8,4;14,5
2025-02-24 21:00:02.120;670018;21660;1775,2;8,3;16,4
2025-02-24 21:30:01.430;670889;22531;1758,1;8,3;16,2
2025-02-24 22:30:02.103;672654;24296;1782,2;8,5;15,7
2025-02-24 23:30:01.580;674420;26062;1813,9;8,5;15,7
2025-02-25 06:00:02.190;685522;1648;1639,6;8,5;14,8
2025-02-25 06:30:01.540;686333;2473;1626,9;8,5;14,8
2025-02-25 07:30:01.370;687981;4121;1657,1;8,5;14,8
2025-02-25 10:30:01.360;692994;9134;1721,3;8,4;14,8
2025-02-25 11:30:01.233;694750;10890;1759,6;8,5;14,9
2025-02-25 12:00:05.847;695616;11756;1687,9;8,5;15
2025-02-25 14:30:01.410;699976;16116;1097,4;0;9,9
2025-02-25 15:00:01.850;700539;16679;1088,1;0;16,3
2025-02-25 16:00:01.547;701702;17842;1825;8,3;16,4
2025-02-25 18:30:02.180;705911;22051;1670,9;8,2;14,6
2025-02-25 20:00:01.540;708357;24497;1689,1;8,4;14,6
2025-02-25 21:30:02.673;710847;26987;1697,3;8,4;14,8
2025-02-25 22:30:02.243;712503;28643;1647,1;8,4;14,8
2025-02-25 23:00:02.673;713338;29478;1663,1;8,4;14,7
2025-02-26 00:00:02.287;714996;31136;1677,3;8,4;14,7
2025-02-26 01:00:02.820;716693;32833;1693,8;8,4;14,9
2025-02-26 01:30:02.167;717501;33641;1590,7;8,5;14,7
2025-02-26 02:00:02.560;718323;34463;1636,3;8,4;14,8
2025-02-26 02:30:01.827;719146;35286;1655,2;8,4;14,7
2025-02-26 05:00:02.390;723179;39319;1590,6;8,5;14,6
2025-02-26 05:30:02.030;723961;796;1630,4;8,4;14,6
2025-02-26 08:30:02.297;728706;5527;1576,8;8,4;14,6
2025-02-26 09:30:02.293;730308;7129;1629,9;8,4;14,6
2025-02-26 10:00:02.863;731130;7951;1620,6;8,5;14,7
2025-02-26 10:30:02.277;731967;8788;1690,1;8,3;14,7
2025-02-26 11:30:02.327;733599;10420;1680,2;8,4;14,3
2025-02-26 12:00:02.573;734436;11257;1651,5;8,5;14,7
2025-02-26 12:30:02.780;735271;12092;1717,1;8,4;14,9
2025-02-26 14:00:02.060;737829;14650;1723,2;8,4;15,1
2025-02-26 14:30:02.627;738691;15497;1695,5;8,4;15,2
2025-02-26 18:00:02.507;744554;21375;1656,9;8,3;15,7
2025-02-26 18:30:02.107;745382;22203;1598,9;8,3;15,7
2025-02-26 19:00:02.310;746223;23044;1691,4;8,2;15,9
2025-02-26 19:30:02.707;747051;23872;1601,1;8,3;15,8
2025-02-26 20:30:02.733;748624;25445;1581,9;8,3;15,6
2025-02-26 21:00:02.013;749411;26232;1497,3;8,3;15,1
2025-02-26 22:30:02.207;751666;28487;1514,3;8,4;14,6
2025-02-26 23:00:02.567;752443;29264;1537,7;8,3;14,4
2025-02-26 23:30:02.783;753221;30042;1521,9;8,4;14,4
2025-02-27 00:30:02.397;754762;31583;1563,8;8,4;14,3
2025-02-27 01:30:02.060;756219;33040;1172,5;8,6;14,4
2025-02-27 03:00:02.283;758019;34840;1203,4;8,5;14,1
2025-02-27 03:30:02.617;758614;35435;1253,8;8,6;14
2025-02-27 04:30:02.370;759820;36641;1215,3;8,5;13,8
2025-02-27 06:00:02.517;761622;1192;1214,9;8,6;13,7
2025-02-27 07:00:02.560;762814;2384;1207,6;8,5;13,7
2025-02-27 07:30:02.013;763397;2967;1171,6;8,5;13,5
2025-02-27 08:00:02.403;763995;3565;1174,3;8,5;13,5
2025-02-27 08:30:03.900;764564;4134;1134,4;8,5;13,5
2025-02-27 09:00:02.160;765132;4702;1156,2;8,5;13,5
2025-02-27 11:00:02.520;767492;7062;1198,8;8,4;13,4
2025-02-27 11:30:02.510;768089;7659;1128,8;8,5;13,5
2025-02-27 13:00:01.823;769933;9503;1246,8;8,5;13,8
2025-02-27 14:00:02.510;771207;10777;1301,8;8,4;13,9
2025-02-27 14:30:02.683;771831;11401;1248,6;8,5;14
2025-02-27 15:00:02.007;772482;12052;1281,7;8,4;14,1
2025-02-27 15:30:02.480;773104;12674;1268;8,5;14,2
2025-02-27 16:00:02.703;773740;13310;1277;8,5;14,4
2025-02-27 17:30:01.943;775600;15170;1243;8,3;14,8
2025-02-27 18:00:02.130;776204;15774;1221,9;8,3;14,9
2025-02-27 20:00:01.540;778657;18227;1279,4;8,3;15
2025-02-27 20:30:01.967;779288;18858;1245,8;8,4;15,1
2025-02-27 21:30:01.640;780509;20079;1167,6;8,4;15,1
2025-02-27 22:00:01.977;781099;20669;1222,1;8,4;14,8
2025-02-27 23:00:01.920;782324;21894;1256,3;8,5;14,6
2025-02-28 00:30:02.117;784224;23794;1290,2;8,4;15,2
2025-02-28 01:00:01.587;784858;24428;1300,5;8,4;15,2
2025-02-28 03:00:01.977;787420;26990;1277,3;8,4;15,1
2025-02-28 03:30:01.227;788069;27639;1232,6;8,4;15,1
2025-02-28 05:30:02.013;790635;648;1332,7;8,5;15,1
2025-02-28 08:00:01.557;793980;3993;1295,4;8,5;15,1
2025-02-28 09:30:01.747;795998;6011;1319,9;8,4;15,3
2025-02-28 10:00:02.087;796675;6688;1335,4;8,5;15,2
2025-02-28 10:30:01.337;797352;7365;1417,2;8,5;15,3
2025-02-28 11:00:01.687;797970;7983;1483,5;8,4;15,5
2025-02-28 11:30:14.480;798558;8571;1202,5;8,3;15,6
2025-02-28 12:30:02.070;800045;10058;1556,6;8,4;15,9
2025-02-28 13:00:01.340;800789;10802;1462,2;8,4;15,9
2025-02-28 13:30:01.760;801532;11545;1497,6;8,3;16
2025-02-28 14:00:02.020;802261;12274;1456,2;8,3;16,1
2025-02-28 17:00:01.557;806571;16584;1655,6;8,1;17,1
2025-02-28 17:30:01.783;807443;17456;1765,9;8,1;17,2
2025-02-28 19:00:02.087;809758;19771;1640,6;8,2;16,5
2025-02-28 20:30:02.207;812448;22461;1810,6;8,3;16,1
2025-03-01 00:30:02.080;819522;29535;1848,9;8,3;16
2025-02-11 13:30:01.833;195256;14201;1501,5;8,4;14,5
2025-02-11 14:00:02.090;196032;14991;1593,9;8,4;14,5
2025-02-11 16:00:02.053;199136;18095;1540,5;8,3;14,5
2025-02-11 17:30:01.933;201487;20446;1561,9;8,2;15,1
2025-02-11 18:00:02.230;202317;21276;1645,8;8,3;15,1
2025-02-11 19:30:02.167;204695;23654;1513,2;8,4;14,5
2025-02-11 20:00:01.790;205471;24430;1586,8;8,3;14,5
2025-02-11 21:00:02.173;207009;25968;1603;8,3;14,4
2025-02-11 22:00:01.810;208591;27550;1568,3;8,4;14,3
2025-02-11 22:30:02.130;209368;28327;1563,5;8,4;14,3
2025-02-12 01:30:01.407;214106;33065;1570,8;8,4;13,9
2025-02-12 02:00:01.583;214872;33831;1499,6;8,4;13,8
2025-02-12 02:30:02.573;215639;34598;1549,6;8,4;13,8
2025-02-12 03:00:01.703;216406;35365;1544,5;8,4;13,8
2025-02-12 04:00:02.190;217927;36886;1486,7;8,5;13,6
2025-02-12 04:30:01.487;218695;37654;1569,1;8,5;13,5
2025-02-12 05:30:02.207;220191;741;1527,9;8,5;13,5
2025-02-12 06:00:01.537;220959;1509;1467,9;8,5;13,5
2025-02-12 09:00:01.627;225359;5909;1455,3;8,4;13,7
2025-02-12 10:00:01.913;226839;7389;1494,1;8,4;13,5
2025-02-12 12:00:01.593;229645;10195;1353,9;8,5;13,7
2025-02-12 14:00:01.477;232403;12938;1299,6;8,5;14
2025-02-12 14:30:01.810;233069;13619;1415,6;8,5;14
2025-02-12 16:00:02.780;235204;15754;1516,8;8,4;15,9
2025-02-12 16:30:02.473;235949;16499;1484,5;8,4;16,1
2025-02-12 17:30:02.733;237477;18027;1548,8;8,3;16,2
2025-02-12 18:00:02.627;238276;18826;1651,7;8,3;16,2
2025-02-12 18:30:02.533;239173;19723;1759,7;8,3;16,1
2025-02-12 19:00:02.720;240043;20593;1732,7;8,3;15,9
2025-02-12 20:00:01.383;241677;22227;1532,6;8,4;15,6
2025-02-12 21:30:01.900;244165;24715;1699;8,3;15,6
2025-02-12 23:30:02.040;247490;28040;1697,8;8,3;15,4
2025-02-13 02:00:02.647;251772;32322;1715,6;8,4;15,3
2025-02-13 02:30:01.823;252619;33169;1695,3;8,3;15,4
2025-02-13 03:00:02.117;253453;34003;1682,5;8,4;15,2
2025-02-13 07:30:02.197;260817;4066;1667,4;8,4;15,1
2025-02-13 08:30:02.613;262320;5569;1329,3;8,6;15,1
2025-02-13 11:30:02.213;265723;8972;1054,7;8,6;15,1
2025-02-13 12:30:01.447;266755;10004;954,2;8,7;15,2
2025-02-13 15:00:02.137;269275;12524;1073,6;8,4;15,5
2025-02-13 17:00:02.137;271365;14614;1022,4;8,5;15,6
2025-02-13 18:00:01.943;272555;15804;1287,9;8,3;15,6
2025-02-13 19:00:02.277;273814;17063;1208,1;8,3;15,9
2025-02-13 19:30:02.377;274415;17664;1249,3;8,3;15,8
2025-02-13 20:30:01.943;275672;18921;1235;8,3;15,6
2025-02-13 22:00:02.177;277566;20815;1240;8,5;15,2
2025-02-13 22:30:01.543;278199;21448;1304,9;8,4;15,2
2025-02-13 23:00:01.967;278832;22081;1304,7;8,4;15,2
2025-02-13 23:30:01.420;279479;22728;1299,7;8,4;15,3
2025-02-14 01:00:01.823;281395;24644;1256,3;8,4;15,2
2025-02-14 05:30:02.047;287286;650;1298,5;8,5;15,1
2025-02-14 07:00:01.270;289224;2588;1307,5;8,4;14,9
2025-02-14 08:00:02.077;290484;3848;1242;8,5;14,8
2025-02-14 12:00:02.283;295565;8929;1286,3;8,4;14,7
2025-02-14 13:30:01.440;297529;10893;1334,8;8,5;14,7
2025-02-14 14:30:01.447;298801;12165;1208,4;8,5;14,8
2025-02-14 17:00:01.997;302075;15439;1263,7;8,4;15,1
2025-02-14 17:30:01.433;302708;16087;1302,6;8,5;15,2
2025-02-14 19:00:01.827;304618;17982;1204,4;8,3;15,5
2025-02-14 19:30:02.240;305222;18586;1283,6;8,4;15,4
2025-02-14 20:30:02.200;306514;19878;1290,2;8,4;15,6
2025-02-14 21:00:01.587;307172;20536;1373,1;8,4;16,2
2025-02-14 21:30:01.993;307845;21223;1357,7;8,3;16
2025-02-15 00:00:01.917;311355;24719;1845,9;8,2;16,1
2025-02-15 00:30:01.317;312280;25644;1830,2;8,3;16,2
2025-02-15 03:00:02.147;316672;30036;1631,5;8,5;16
2025-02-15 03:30:01.540;317492;30856;1654,8;8,4;16
2025-02-15 05:00:01.723;320032;33396;1699;8,4;15,9
2025-02-15 05:30:02.087;320892;860;1683,9;8,4;15,9
2025-02-15 06:00:01.507;321767;1735;1746;8,4;15,9
2025-02-15 08:30:01.937;326172;6140;1736,6;8,4;15,8
2025-02-15 09:00:01.357;327061;7029;1799,9;8,4;15,7
2025-02-15 10:00:02.140;328799;8767;1773,8;8,4;15,7
2025-02-15 10:30:01.490;329689;9657;1742,5;8,4;15,7
2025-02-15 11:00:01.953;330579;10561;1763,4;8,4;15,7
2025-02-15 13:00:01.397;334195;14163;1719,4;8,4;15,9
2025-02-15 14:30:01.757;336872;16840;1780,1;8,4;16,2
2025-02-15 15:00:02.197;337771;17739;1783,2;8,3;16,4
2025-02-15 16:30:01.357;340403;20371;1741,2;8,3;16,8
2025-02-15 17:00:01.877;341256;21224;1628,3;8,3;17
2025-02-15 18:30:01.310;343838;23806;1778,5;8,3;17
2025-02-15 20:00:01.707;346439;26407;1698,3;8,3;17
2025-02-15 20:30:02.160;347305;27273;1760,4;8,3;17
2025-02-15 21:00:01.897;348185;28153;1750,9;8,2;17
2025-02-15 22:00:01.743;349922;29890;1751,9;8,3;16,6
2025-02-16 04:00:01.950;360220;40188;1697,5;8,5;16
2025-02-16 04:30:01.313;361081;41049;1640,3;8,6;15,9
2025-02-16 05:00:01.653;361915;41883;1645,6;8,4;15,4
2025-02-16 06:00:01.407;363544;1629;1610,6;8,5;15,1
2025-02-16 08:00:02.077;366832;4917;1608,3;8,5;15,2
2025-02-16 08:30:01.547;367640;5725;1686,6;8,4;15,1
2025-02-16 10:00:01.707;370009;8094;1317,8;8,6;15,1
2025-02-16 11:00:01.573;371345;9430;1321,1;8,7;15
2025-02-16 13:00:01.300;373986;12071;1296,9;8,6;15,1
2025-02-16 13:30:01.943;374624;12709;1276,7;8,6;15,1
2025-02-16 14:00:01.557;375275;13360;1333,8;8,5;15,2
2025-02-16 15:00:01.307;376577;14662;1266;8,5;15,1
2025-02-16 17:00:02.197;379074;17159;1183,9;8,5;15,4
2025-02-16 17:30:01.600;379663;17748;1220,8;8,4;15,5
2025-02-16 18:00:01.967;380295;18380;1321,9;8,4;16,1
2025-02-16 18:30:01.347;380940;19025;1254,5;8,4;15,6
2025-02-16 19:00:01.723;381571;19656;1241,5;8,4;15,5
2025-02-16 19:30:02.063;382176;20261;1219,4;8,4;15,3
2025-02-16 20:30:01.930;383402;21487;1208,9;8,5;15,1
2025-02-17 00:00:01.903;387807;25892;1260,7;8,5;14,8
2025-02-17 01:00:01.647;388678;26763;1043,1;8,3;14,3
2025-02-17 12:29:57.927;402924;9235;1288,7;8,5;14,3
2025-02-17 13:30:01.347;404210;10521;1288,5;8,4;14,5
2025-02-17 14:00:02.353;404860;11171;1278,7;8,4;14,6
2025-02-17 16:00:01.513;407437;13734;1223,4;8,4;15,2
2025-02-17 17:30:01.943;409299;15596;1243,6;8,4;15,5
2025-02-17 18:00:02.083;409914;16225;1252,5;8,3;15,4
2025-02-17 19:30:01.673;411780;18091;1194,3;8,4;15,2
2025-02-17 21:00:01.397;413618;19929;1206,7;8,3;14,7
2025-02-17 21:30:01.560;414238;20549;1234,7;8,4;14,6
2025-02-18 00:30:01.200;418356;24667;1595,5;8,4;14,5
2025-02-18 01:00:01.400;419162;25473;1605,2;8,4;14,6
2025-02-18 02:30:02.013;421610;27921;1679,7;8,3;14,6
2025-02-18 03:00:02.153;422431;28742;1665,7;8,4;14,7
2025-02-18 04:30:01.730;424884;31195;1713,5;8,4;14,9
2025-02-18 06:00:01.213;427430;1697;1683,3;8,5;15,2
2025-02-18 06:30:01.433;428280;2547;1679,1;8,5;15,2
2025-02-18 09:00:01.337;432623;6890;1738,6;8,5;15,6
2025-02-18 10:30:01.847;435264;9531;1861,5;8,2;15,8
2025-02-18 11:30:01.433;437099;11366;1753,8;8,4;15,9
2025-02-18 12:30:01.960;438863;13130;1825;8,4;16
2025-02-18 13:00:02.653;439752;14019;1754,2;8,3;16
2025-02-18 14:00:02.427;441529;15796;1789,4;8,4;16,2
2025-02-18 15:00:02.687;443316;17583;1796,5;8,2;16,4
2025-02-18 17:30:02.020;447749;22016;1635,6;8,4;16,5
2025-02-18 20:00:02.220;451997;26264;1660,3;8,4;15,5
2025-02-18 20:30:01.850;452856;27123;1761,6;8,4;15,5
2025-02-18 21:30:01.880;454589;28856;1734,9;8,4;15,4
2025-02-18 22:00:02.213;455450;29717;1749,4;8,4;15,4
2025-02-18 22:30:06.847;456310;30577;1721;8,4;15,3
2025-02-19 00:00:02.777;458853;33120;1658,1;8,4;15,4
2025-02-19 01:00:02.640;460518;34785;1685,7;8,3;15,6
2025-02-19 03:00:02.417;463910;38177;1707,7;8,5;15,2
2025-02-19 03:30:02.643;464733;39000;1597,9;8,5;15,2
2025-02-19 04:00:01.970;465568;39835;1694,7;8,5;15,2
2025-02-19 06:00:02.570;468977;1710;1736,5;8,4;15,7
2025-02-19 06:30:01.877;469812;2545;1712,5;8,4;15,7
2025-02-19 07:00:02.270;470701;3434;1780,8;8,4;15,9
2025-02-19 07:30:02.827;471592;4325;1755,9;8,4;15,8
2025-02-19 10:30:02.377;476929;9662;1755,3;8,4;15,9
2025-02-19 11:30:03.713;478705;11438;1795,2;8,3;16
2025-02-19 12:30:02.850;480495;13228;1811,3;8,3;16,1
2025-02-19 13:30:02.247;482297;15030;1812,3;8,4;16,1
2025-02-19 14:00:02.753;483198;15931;1892,3;8,3;16,2
2025-02-19 18:00:02.170;490396;23129;1668;8,3;16
2025-02-19 18:30:01.517;491238;23971;1744,6;8,3;15,9
2025-02-18 16:30:03.720;446023;20290;1753,4;8,4;16,5
2025-02-18 19:00:02.407;450321;24588;1716;8,4;15,8
2025-02-19 19:00:01.940;492093;24826;1719,2;8,3;16,2
2025-02-19 19:30:02.333;492964;25697;1652,6;8,3;16,4
2025-02-19 20:00:01.687;493805;26538;1727,5;8,3;16,7
2025-02-19 20:30:02.483;494700;27433;1852;8,3;16,5
2025-02-19 21:00:02.773;495596;28315;1801,7;8,3;16,6
2025-02-19 22:30:02.273;498165;30898;1769,1;8,3;16,4
2025-02-19 23:00:02.700;499050;31783;1744,1;8,3;16,2
2025-02-19 23:30:02.120;499907;32640;1723,3;8,4;16,3
2025-02-20 00:30:02.077;501678;34411;1781,7;8,3;16,4
2025-02-20 01:00:02.523;502577;35310;1810,2;8,3;16,5
2025-02-20 02:00:01.833;504336;37069;1768,6;8,4;16,4
2025-02-20 02:30:02.517;505181;37914;1485,9;8,6;16,2
2025-02-20 03:00:02.260;505917;38650;1368,7;8,6;16,1
2025-02-20 03:30:02.740;506611;39344;1385,5;8,6;16,1
2025-02-20 04:00:02.270;507318;40051;1404,5;8,5;16
2025-02-20 04:30:01.890;508012;40745;1396;8,6;16
2025-02-20 05:00:02.563;508706;41439;1382,3;8,5;16
2025-02-20 06:30:02.670;510787;2067;1370,2;8,5;15,9
2025-02-20 07:00:02.370;511495;2775;1408;8,5;15,9
2025-02-20 07:30:02.170;512188;3468;1413,3;8,6;15,9
2025-02-20 08:00:02.683;512897;4177;1378,3;8,6;15,8
2025-02-20 11:00:02.860;517031;8311;1449,6;8,6;15,9
2025-02-20 11:30:02.550;517753;9033;1456;8,5;15,9
2025-02-20 12:00:02.153;518473;9753;1427,8;8,5;16
2025-02-20 13:30:02.197;520578;11858;1440,3;8,5;16,2
2025-02-20 14:30:02.703;521974;13254;1404;8,5;16,3
2025-02-20 15:00:02.423;522693;13973;1332,5;8,5;16,4
2025-02-20 16:30:02.097;524637;15917;1324,8;8,5;16,6
2025-02-20 17:30:02.353;525985;17265;1332,9;8,5;16,8
2025-02-20 18:30:02.473;527330;18610;1348,6;8,4;16,8
2025-02-20 19:30:02.570;528621;19901;1275,6;8,4;15,8
2025-02-20 20:00:02.563;529253;20533;1243,6;8,3;15,9
2025-02-20 21:00:02.553;530530;21810;1304,6;8,4;16,1
2025-02-20 21:30:02.283;531161;22441;1307,9;8,4;16
2025-02-21 00:30:02.240;535061;26341;1280,3;8,5;15,4
2025-02-21 01:00:02.860;535725;27005;1285,3;8,5;15,3
2025-02-21 02:30:02.530;537633;28913;1298,3;8,5;15,4
2025-02-21 14:00:05.120;553632;12743;1743,3;8,4;15,6
2025-02-21 14:00:07.507;553632;12743;1743,3;8,4;15,6
2025-02-21 15:00:02.173;555406;14517;1824,6;8,3;16,5
2025-02-21 16:30:01.373;558030;17141;1732,5;8,2;16,8
2025-02-21 17:30:01.373;559752;18863;1701;8,3;16,8
2025-02-21 20:00:02.297;563985;23096;865,5;8,3;17,1
2025-02-21 20:30:06.243;564710;23821;1822,1;8,2;16,6
2025-02-21 21:00:01.650;565633;24744;1826,7;8,3;16,6
2025-02-23 14:00:01.727;0;0;0;0;0
2025-02-23 15:30:01.680;0;0;0;0;0
2025-02-23 16:00:02.030;0;0;0;0;0
2025-02-23 17:30:02.103;0;0;0;0;0
2025-02-23 18:00:01.563;0;0;0;0;0
2025-02-23 20:30:01.590;0;0;0;0;0
2025-02-23 22:30:02.073;0;0;0;0;0
2025-02-24 00:30:01.517;0;0;0;0;0
2025-02-24 01:00:01.873;0;0;0;0;0
2025-02-24 02:00:01.597;0;0;0;0;0
2025-02-24 03:30:01.607;0;0;0;0;0
2025-02-24 04:30:01.327;0;0;0;0;0
2025-02-24 05:30:02.140;0;0;0;0;0
2025-02-24 06:30:01.907;0;0;0;0;0
2025-02-24 08:30:01.250;0;0;0;0;0
2025-02-24 12:00:01.843;656657;8299;1159;8,5;13,5
2025-02-24 12:30:01.883;657239;8881;1208,1;8,5;13,6
2025-02-24 13:30:01.293;658430;10072;1210,8;8,5;13,8
2025-02-24 14:00:01.930;659039;10681;1167,2;8,4;13,9
2025-02-24 14:30:01.627;659661;11303;1281,6;8,4;14,1
2025-02-24 15:00:01.263;660297;11939;1255,5;8,4;14,1
2025-02-24 15:30:01.910;661074;12716;1646,1;8,4;14,1
2025-02-24 16:00:01.703;661924;13566;1696,1;8,4;14,3
2025-02-24 17:00:02.747;663537;15179;1604;8,4;14,7
2025-02-24 17:30:01.430;664326;15982;1582,1;8,3;14,9
2025-02-24 18:00:01.960;665115;16757;1590,3;8,3;15
2025-02-24 18:30:01.560;665902;17544;1488,8;8,3;15,4
2025-02-24 19:00:06.270;666661;18303;1491,5;8,4;15,1
2025-02-24 20:00:01.357;668276;19918;1740,5;8,4;16,1
2025-02-24 20:30:01.820;669133;20775;1796,6;8,4;16,3
2025-02-24 22:00:01.803;671763;23405;1781,9;8,3;15,7
2025-02-24 23:00:02.107;673530;25172;1729;8,5;15,7
2025-02-25 00:00:01.913;675324;26966;1737;8,3;15,7
2025-02-25 00:30:01.270;676214;27856;1788,2;8,4;15,6
2025-02-25 01:00:01.663;677090;28732;1771,4;8,4;15,6
2025-02-25 01:30:02.077;677981;29623;1816,9;8,4;15,4
2025-02-25 02:00:01.417;678832;30474;1684,3;8,5;15,1
2025-02-25 02:30:01.667;679669;31311;1638,5;8,4;14,9
2025-02-25 03:30:02.037;681359;33001;1599,3;8,5;14,8
2025-02-25 04:30:01.983;683035;34677;1621,4;8,5;14,7
2025-02-25 05:00:01.253;683860;35502;1617,1;8,5;14,8
2025-02-25 05:30:08.847;684684;824;1669,1;8,5;14,8
2025-02-25 07:00:01.783;687157;3297;1675,9;8,5;14,8
2025-02-25 13:00:01.783;697344;13484;1774,4;8,4;15,7
2025-02-25 13:30:02.153;698247;14387;1847,3;8,4;16
2025-02-25 14:00:01.960;699150;15290;1789,4;8,4;16,1
2025-02-25 15:30:07.973;701089;17229;1119,5;0;16,4
2025-02-25 16:30:01.980;702578;18718;1832;8,3;16,2
2025-02-25 17:00:01.380;703424;19564;1616,7;8,4;14,3
2025-02-25 17:30:01.760;704259;20399;1663;8,3;14,6
2025-02-25 18:00:01.777;705093;21218;1641,7;8,3;14,7
2025-02-25 19:00:01.940;706717;22857;1596,5;8,4;14,6
2025-02-25 20:30:01.880;709177;25317;1673,9;8,4;14,7
2025-02-25 21:00:02.300;710012;26152;1661,8;8,4;14,6
2025-02-25 22:00:02.050;711681;27821;1700,3;8,4;14,8
2025-02-25 23:30:01.923;714173;30313;1623,6;8,4;14,7
2025-02-26 00:30:02.517;715832;31972;1699,9;8,4;15,3
2025-02-26 03:00:02.113;719941;36081;1582,1;8,4;14,4
2025-02-26 03:30:02.597;720751;36891;1617,3;8,6;14,5
2025-02-26 04:00:01.940;721561;37701;1658,5;8,4;14,6
2025-02-26 04:30:02.927;722370;38510;1627,2;8,5;14,6
2025-02-26 06:00:02.480;724784;1605;1633;8,5;14,7
2025-02-26 06:30:02.060;725579;2400;1593,5;8,5;14,7
2025-02-26 07:00:02.407;726388;3209;1623,7;8,5;14,6
2025-02-26 07:30:02.147;727171;3992;1499,2;8,6;14,6
2025-02-26 08:00:02.713;727925;4746;1525,1;8,5;14,6
2025-02-26 09:00:02.857;729486;6307;1560;8,4;14,6
2025-02-26 11:00:12.883;732789;9610;1632,8;8,4;14,2
2025-02-26 13:00:02.583;736133;12954;1693,6;8,4;15,1
2025-02-26 13:30:06.417;736968;13789;1674,6;8,4;15,2
2025-02-26 15:00:02.223;739550;16371;1762;8,4;15,3
2025-02-26 15:30:02.980;740411;17232;1671,4;8,3;15,5
2025-02-26 16:00:02.547;741256;18077;1671,1;8,4;15,9
2025-02-26 16:30:02.010;742098;18919;1653,1;8,3;16
2025-02-26 17:00:02.520;742912;19733;1613,5;8,3;16
2025-02-26 17:30:01.937;743725;20546;1632,7;8,3;15,9
2025-02-26 20:00:02.230;747852;24673;1579;8,3;15,6
2025-02-26 21:30:02.307;750172;26993;1477,3;8,4;14,9
2025-02-26 22:00:02.747;750919;27740;1490,2;8,4;14,9
2025-02-27 00:00:02.060;753970;30791;1521,8;8,4;14,4
2025-02-27 01:00:01.877;755538;32359;1604,9;8,3;14,4
2025-02-27 02:00:02.590;756800;33621;1190,8;8,5;14,3
2025-02-27 02:30:01.777;757409;34230;1206,4;8,5;14,3
2025-02-27 04:00:02.023;759224;36045;1188,9;8,5;13,9
2025-02-27 05:00:02.830;760415;37236;1198,1;8,5;14
2025-02-27 05:30:02.113;761011;581;1197,9;8,5;13,8
2025-02-27 06:30:02.053;762218;1788;1188,3;8,5;13,7
2025-02-27 09:30:02.500;765729;5299;1158,5;8,6;13,4
2025-02-27 10:00:02.060;766299;5869;1146,4;8,5;13,4
2025-02-27 10:30:02.457;766895;6465;1264,9;8,5;13,4
2025-02-27 12:00:02.087;768700;8270;1219,3;8,6;13,6
2025-02-27 12:30:02.563;769310;8880;1230,4;8,5;13,7
2025-02-27 13:30:02.267;770556;10126;1288,1;8,3;13,9
2025-02-27 17:00:02.477;774981;14551;1271,3;8,4;14,8
2025-02-27 19:00:01.913;777410;16980;1186,4;8,4;15,2
2025-02-27 19:30:02.273;778026;17596;1247,1;8,3;15,2
2025-02-28 01:30:01.833;785505;25075;1295,7;8,4;15,3
2025-02-28 02:00:02.173;786152;25722;1254,7;8,5;15,2
2025-02-28 02:30:01.537;786786;26356;1302,5;8,4;15,1
2025-02-28 04:00:01.873;788689;28259;1280,4;8,3;15,1
2025-02-28 04:30:02.257;789352;28922;1268,1;8,5;15,1
2025-02-28 05:00:01.737;789987;29557;1249,1;8,6;15,2
2025-02-28 06:00:01.363;791298;1311;1335,1;8,4;15,1
2025-02-28 06:30:03.680;791976;1974;1328,1;8,4;15,1
2025-02-23 19:30:01.813;0;0;0;0;0
2025-02-23 23:30:01.877;0;0;0;0;0
2025-02-24 07:30:01.533;0;0;0;0;0
2025-02-24 19:30:01.920;667420;19062;1634,7;8,3;16,1
2025-02-25 03:00:01.333;680506;32163;1726,6;8,4;14,8
2025-02-25 04:00:01.377;682211;33853;1718,6;8,5;14,7
2025-02-25 08:00:01.797;688818;4958;1704,1;8,4;14,7
2025-02-25 08:30:02.137;689670;5810;1692,2;8,4;14,8
2025-02-25 09:00:01.440;690523;6663;1693,6;8,5;14,7
2025-02-25 09:30:01.790;691347;7487;1595,8;8,5;14,8
2025-02-25 10:00:02.150;692157;8297;1733,5;8,4;14,8
2025-02-25 11:00:01.937;693872;10012;1730,5;8,4;14,9
2025-02-25 12:30:02.220;696480;12620;1736,3;8,5;15,1
2025-02-25 19:30:02.050;707523;23663;1616,7;8,4;14,7
2025-02-27 16:30:01.927;774347;13917;1191,3;8,4;14,5
2025-02-27 18:30:02.643;776807;16377;1193,4;8,4;15,1
2025-02-27 21:00:01.213;779905;19475;1214,4;8,4;15,1
2025-02-27 22:30:01.230;781704;21274;1229,1;8,4;14,6
2025-02-27 23:30:01.300;782944;22514;1267,4;8,4;14,9
2025-02-28 00:00:01.580;783577;23147;1263,1;8,4;15,1
2025-02-28 07:00:02.003;792653;2666;1307,9;8,3;15,1
2025-02-28 07:30:01.350;793316;3329;1363,6;8,4;15,1
2025-02-28 08:30:01.920;794657;4670;1365,4;8,4;15,2
2025-02-28 09:00:01.300;795334;5347;1305,8;8,5;15,2
2025-02-28 12:00:03.727;799287;9300;1539;8,4;15,7
2025-02-28 14:30:01.680;803018;13031;1514;8,3;16,2
2025-02-28 15:00:02.033;803759;13772;1485,4;8,3;16,4
2025-02-28 15:30:01.393;804513;14512;1448,5;8,3;16,6
2025-02-28 16:00:01.827;805210;15223;1401,5;8,3;16,7
2025-02-28 16:30:02.217;805906;15919;1339,8;8,3;17
2025-02-28 18:00:02.353;808300;18313;1675,4;8,1;17,3
2025-02-28 18:30:01.697;808907;18920;1560,8;8,1;16,9
2025-02-28 19:30:01.327;810653;20666;1775,9;8,3;16,4
2025-02-28 20:00:01.950;811550;21563;1770,7;8,3;16,2
2025-02-28 21:00:01.667;813331;23344;1821,1;8,2;16
2025-02-28 21:30:01.887;814216;24229;1760,1;8,3;16
2025-02-28 22:00:01.380;815114;25127;1714;8,3;16,1
2025-02-28 22:30:01.677;815985;25998;1723,8;8,3;16
2025-02-28 23:00:02.113;816883;26896;1804,8;8,2;16,1
2025-02-28 23:30:01.487;817768;27781;1748,4;8,3;16
2025-03-01 00:00:01.690;818625;28638;1825,5;8,3;16
2025-03-01 01:00:01.533;820462;30489;1929;8,2;16
2025-03-01 02:00:02.137;822372;32385;1909,6;8,3;15,9
2025-03-01 02:30:01.827;823300;33313;1821;8,4;15,9
2025-03-01 03:00:02.157;824216;34229;1831,4;8,4;15,8
2025-03-01 03:30:01.367;825145;35158;1889;8,3;15,8
2025-03-01 05:00:01.650;827868;37881;1726,9;8,4;15
2025-03-01 06:30:01.853;830496;2628;1721,3;8,4;15
2025-03-01 08:00:03.140;833097;5229;1769,9;8,4;15,1
2025-03-01 08:30:01.450;833974;6106;1753,9;8,4;15,1
2025-03-01 09:30:02.123;835726;7858;1708,1;8,4;15
2025-03-01 10:30:01.927;837493;9625;1762,9;8,3;15,1
2025-03-01 11:00:01.283;838396;10528;1812,2;8,4;15,1
2025-03-01 11:30:01.603;839285;11417;1825,7;8,3;15,1
2025-03-01 13:00:01.720;841977;14109;1784,1;8,3;15,6
2025-03-01 14:00:01.707;843806;15938;1806;8,3;15,7
2025-03-01 15:00:01.510;845631;17763;1821,9;8,3;15,9
2025-03-01 16:30:01.760;848276;20408;1735,5;8,2;16,4
2025-03-01 17:00:02.070;849154;21286;1732,9;8,2;16,6
2025-03-01 17:30:01.470;850032;22164;1760,8;8,2;16,8
2025-03-01 20:00:02.010;854356;26488;1733,9;8,3;16,4
2025-03-01 21:00:01.850;856039;28171;1710,1;8,2;15,7
2025-03-01 21:30:01.513;856882;29014;1700,4;8,3;15,7
2025-03-01 22:30:02.030;858568;30700;1701,3;8,3;15,5
2025-03-02 00:30:01.740;862027;34159;1746,4;8,3;15,4
2025-03-02 01:30:01.677;863800;35932;1748;8,3;15,3
2025-03-02 03:30:01.977;867299;39431;1762,1;8,3;15
2025-03-02 04:00:01.327;868161;40293;1687,6;8,3;15
2025-03-02 04:30:01.557;869037;41169;1798;8,3;14,9
2025-03-02 06:30:02.017;872530;2630;1767,3;8,4;14,8
2025-03-02 07:00:01.327;873435;3535;1792,7;8,3;15
2025-03-02 08:00:02.103;875177;5277;1750;8,4;14,7
2025-03-02 08:30:01.660;876069;6169;1777,8;8,4;14,7
2025-03-02 09:00:01.893;876837;6937;1421,3;8,6;14,6
2025-03-02 14:00:01.780;884131;14231;1454;8,4;15,2
2025-03-02 14:30:02.147;884852;14952;1443,1;8,5;15,4
2025-03-02 16:30:01.280;887799;17899;1429,2;8,3;16,4
2025-03-02 17:00:01.557;888512;18612;1458,1;8,3;16,6
2025-03-02 18:00:02.143;889973;20073;1470,9;8,2;16,9
2025-03-02 19:30:02.107;892157;22257;1435,4;8,3;16,8
2025-03-02 20:00:01.443;892868;22982;1448,4;8,3;16,6
2025-03-02 22:00:01.777;895790;25890;1447,6;8,4;15,9
2025-03-02 23:00:01.383;897236;27336;1435,1;8,4;15,6
2025-03-02 23:30:01.673;897939;28039;1408,6;8,4;15,7
2025-03-03 00:00:02.050;898656;28756;1440,7;8,3;15,6
2025-03-03 00:30:01.327;899359;29459;1405;8,4;15,6
2025-03-03 01:00:01.673;900076;30162;1382,3;8,4;15,5
2025-03-03 01:30:02.007;900766;30866;1397,6;8,4;15,2
2025-03-03 02:30:01.657;902176;32276;1330;8,5;15,2
2025-03-03 04:30:02.207;904956;35056;1446;8,3;15
2025-03-03 05:30:01.850;906354;692;1418,5;8,4;15
2025-03-03 06:30:01.527;907781;2119;1439,2;8,4;14,9
2025-03-03 07:00:01.857;908488;2826;1361,3;8,5;15
2025-03-03 07:30:02.113;909167;3505;1442,2;8,4;14,9
2025-03-03 09:30:01.470;911968;6306;1365,2;8,5;14,8
2025-03-03 10:00:01.780;912661;6999;1402,4;8,4;14,8
2025-03-03 10:30:02.067;913396;7734;1449,7;8,4;14,9
2025-03-03 13:00:02.977;917097;11435;1476,3;8,4;15,2
2025-03-03 14:00:02.007;918591;12929;1451,2;8,4;15,5
2025-03-03 14:30:02.467;919337;13661;1517,3;8,4;15,6
2025-03-03 15:00:03.293;920054;14392;1451,7;8,3;15,8
2025-03-03 15:30:02.657;920769;15107;1439,4;8,3;16
2025-03-03 16:00:02.143;921496;15834;1440,4;8,3;16,2
2025-03-03 16:30:02.563;922223;16561;1475,7;8,3;16,3
2025-03-03 18:30:02.813;925073;19411;1383,9;8,2;16
2025-03-03 19:00:02.327;925786;20124;1422,5;8,2;16,2
2025-03-03 19:30:02.343;926470;20808;1362,3;8,3;16
2025-03-03 20:00:02.310;927155;21493;1456,5;7,9;15,9
2025-03-03 20:30:02.270;928059;22397;1739,5;8,2;15,7
2025-03-03 21:00:02.163;928955;23293;1781,7;8,2;15,4
2025-03-03 21:30:01.990;929837;24175;1807,8;8,2;15,2
2025-03-03 22:00:01.870;930735;25073;1777,5;8,1;15,1
2025-03-03 22:30:02.860;931634;25972;1774,1;8,2;15,1
2025-03-03 23:00:02.763;932520;26858;1757,1;8,3;15,1
2025-03-03 23:30:02.660;933407;27730;1782,5;8,2;14,9
2025-03-04 00:00:02.547;934293;28617;1838,7;8,2;15
2025-03-04 01:00:02.290;936078;30416;1792,6;8,2;15,2
2025-03-04 02:30:02.043;938754;33092;1782,9;8,2;15,1
2025-03-04 03:00:02.023;939642;33980;1779,3;8,4;15,1
2025-03-04 03:30:01.900;940544;34882;1779,9;8,3;15,1
2025-03-04 04:00:02.870;941419;35757;1613,5;8,5;15,1
2025-03-04 06:30:02.240;945904;2681;1834,1;8,3;15,1
2025-03-04 07:00:03.407;946835;3612;1815,6;8,4;15,1
2025-03-04 08:00:02.120;948656;5433;1894,8;8,3;15,1
2025-03-04 08:30:02.037;949546;6323;1833,6;8,3;15,2
2025-03-04 10:00:02.840;952337;9114;1896,1;8,2;15,5
2025-03-04 11:00:02.697;954210;10987;1947,1;8,2;15,4
2025-03-04 11:30:02.560;955154;11931;1851,1;8,3;14,9
2025-03-04 12:00:03.520;956073;12850;1810,9;8,3;14,7
2025-03-04 12:30:02.417;956976;13753;1787,3;8,3;14,7
2025-03-01 01:30:01.860;821430;31443;1880,3;8,3;16
2025-03-01 04:00:01.967;826075;36088;1874,5;8,3;15,7
2025-03-01 04:30:01.450;826978;36991;1781,3;8,3;15,1
2025-03-01 05:30:01.293;828730;862;1773,6;8,3;15
2025-03-01 06:00:01.583;829633;1765;1748,1;8,3;15
2025-03-01 07:00:02.210;831372;3504;1774,2;8,3;15
2025-03-01 07:30:01.433;832235;4367;1706,8;8,5;15
2025-03-01 09:00:01.690;834850;6982;1727,1;8,3;15,1
2025-03-01 10:00:01.410;836603;8735;1765,5;8,4;15
2025-03-01 12:00:01.783;840188;12320;1819,6;8,3;15,5
2025-03-01 12:30:01.457;841076;13208;1735,8;8,4;15,5
2025-03-01 13:30:01.353;842892;15024;1849,1;8,3;15,6
2025-03-01 14:30:01.907;844705;16837;1819,1;8,3;15,8
2025-03-01 15:30:01.957;846528;18660;1817;8,3;16,1
2025-03-01 16:00:01.210;847409;19541;1825,2;8,1;16,3
2025-03-01 18:00:01.850;850880;23012;1737,8;8,1;16,8
2025-03-01 18:30:02.150;851743;23875;1738,8;8,2;16,8
2025-03-01 19:00:01.477;852608;24740;1735,8;8,2;16,7
2025-03-01 19:30:01.790;853475;25607;1740,4;8,2;16,7
2025-03-01 20:30:01.617;855197;27329;1627,6;8,3;15,9
2025-03-01 22:00:01.817;857725;29857;1671,5;8,3;15,6
2025-03-01 23:00:01.650;859426;31558;1696,4;8,4;15,4
2025-03-01 23:30:02.000;860283;32415;1738,9;8,3;15,3
2025-03-02 00:00:01.510;861155;33287;1735,3;8,3;15,4
2025-03-02 01:00:01.403;862927;35059;1813,7;8,3;15,3
2025-03-02 02:00:01.947;864688;36820;1751;8,4;15,2
2025-03-02 02:30:01.200;865549;37681;1741,7;8,3;15,2
2025-03-02 03:00:01.650;866424;38556;1766,7;8,3;15,1
2025-03-02 05:00:02.203;869900;42032;1716,8;8,4;14,9
2025-03-02 05:30:01.467;870763;863;1730,8;8,4;14,8
2025-03-02 06:00:01.790;871639;1739;1793,8;8,4;14,8
2025-03-02 07:30:01.753;874299;4413;1745;8,3;14,7
2025-03-02 09:30:01.393;877535;7635;1347,6;8,5;14,6
2025-03-02 10:00:01.733;878231;8331;1365;8,6;14,6
2025-03-02 10:30:02.023;878942;9042;1428,1;8,5;14,5
2025-03-02 11:00:01.433;879667;9781;1438,4;8,4;14,4
2025-03-02 11:30:01.720;880406;10491;1460,8;8,5;14,4
2025-03-02 12:00:01.977;881157;11243;1529,4;8,5;14,6
2025-03-02 12:30:01.650;881895;11995;1459,3;8,5;14,7
2025-03-02 13:00:02.060;882646;12746;1503,8;8,4;14,8
2025-03-02 13:30:01.457;883396;13481;1492,4;8,4;15
2025-03-02 15:00:01.460;885584;15684;1447,3;8,4;15,7
2025-03-02 15:30:01.700;886314;16414;1491,2;8,3;16
2025-03-02 16:00:02.010;887071;17171;1534,5;8,4;16,2
2025-03-02 17:30:01.840;889236;19336;1514,1;8,2;16,8
2025-03-02 18:30:01.480;890724;20824;1493,8;8,2;17
2025-03-02 19:00:01.810;891447;21547;1430,9;8,3;17
2025-03-02 20:30:01.760;893607;23707;1503,2;8,3;16,4
2025-03-02 21:00:02.107;894334;24434;1454,9;8,3;16,2
2025-03-02 21:30:01.473;895062;25162;1476,8;8,3;16
2025-03-02 22:30:02.083;896506;26606;1446,6;8,4;15,9
2025-03-03 02:00:01.333;901485;31571;1396,6;8,5;15,2
2025-03-03 03:00:02.013;902867;32967;1380;8,4;15,2
2025-03-03 03:30:01.380;903559;33644;1371,5;8,5;15,1
2025-03-03 04:00:01.880;904250;34350;1399,2;8,4;15,1
2025-03-03 05:00:01.530;905648;35748;1412,9;8,4;15
2025-03-03 06:00:02.213;907061;1399;1417,1;8,4;14,9
2025-03-03 08:00:01.467;909888;4226;1378;8,5;14,9
2025-03-03 08:30:01.850;910567;4905;1386,9;8,4;14,8
2025-03-03 09:00:02.140;911274;5612;1418,5;8,5;14,8
2025-03-03 11:00:01.380;914145;8483;1447,4;8,4;14,9
2025-03-03 11:30:01.697;914880;9218;1489,8;8,4;14,9
2025-03-03 12:00:02.150;915615;9953;1486,4;8,4;15
2025-03-03 12:30:02.543;916364;10702;1465,1;8,4;15,1
2025-03-03 13:30:02.380;917844;12182;1501,2;8,4;15,3
2025-03-03 17:00:02.900;922935;17273;1410,1;8,3;16,3
2025-03-03 17:30:02.203;923647;17985;1441,2;8,2;16,4
2025-03-03 18:00:02.740;924373;18711;1399,1;8,2;16,2
2025-03-04 00:30:02.333;935178;29516;1841,7;8,2;15,1
2025-03-04 01:30:02.207;936965;31303;1783,4;8,3;15,2
2025-03-04 02:00:02.117;937866;32204;1761,4;8,3;15,1
2025-03-04 04:30:02.727;942321;36645;1830,1;8,3;15,1
2025-03-04 05:00:02.553;943209;37547;1772,4;8,3;15
2025-03-04 05:30:02.360;944113;875;1783,5;8,4;15
2025-03-04 06:00:02.267;945002;1779;1790,7;8,3;15
2025-03-04 07:30:02.293;947739;4516;1804,7;8,4;15,1
2025-03-04 09:00:01.960;950476;7253;1852,6;8,3;15,2
2025-03-04 09:30:01.887;951407;8184;1809,7;8,4;15,4
2025-03-04 10:30:02.837;953254;10031;1824,8;8,3;15,6
